<application>
  <component name="FileTypeManager" version="18">
    <extensionMap>
      <mapping pattern="_redirects" type="AUTO_DETECTED" />
      <mapping pattern=".env.local" type="PLAIN_TEXT" />
      <mapping pattern=".env" type="PLAIN_TEXT" />
      <removed_mapping ext="es" approved="true" type="ActionScript" />
      <removed_mapping ext="ignore" approved="true" type="IgnoreLang file" />
      <removed_mapping ext="proto" approved="true" type="PLAIN_TEXT" />
      <removed_mapping pattern=".env" approved="true" type=".env file" />
    </extensionMap>
  </component>
</application>