<application>
  <component name="NodeJsLocalInterpreterManager">
    <local-interpreter path="/opt/homebrew/bin/node">
      <version-cache version="18.7.0" last-modified="1660110520902" />
    </local-interpreter>
    <local-interpreter path="$USER_HOME$/.nvm/versions/node/v16.14.2/bin/node">
      <version-cache version="16.14.2" last-modified="1647554886000" />
    </local-interpreter>
    <local-interpreter path="$USER_HOME$/.nvm/versions/node/v16.13.1/bin/node">
      <version-cache version="16.13.1" last-modified="1638358397000" />
    </local-interpreter>
    <local-interpreter path="$USER_HOME$/.nvm/versions/node/v16.10.0/bin/node">
      <version-cache version="16.10.0" last-modified="1632333716000" />
    </local-interpreter>
    <local-interpreter path="$USER_HOME$/.nvm/versions/node/v16.6.0/bin/node">
      <version-cache version="16.6.0" last-modified="1627591259000" />
    </local-interpreter>
  </component>
</application>